source,channel,date,start_dt,time_str,raw_time,category,title,description,url,decision_reason,inferred_tag
tvguide_aywt,ESPN,2026-06-05,2026-06-05 00:00:00,12:00am,12:00a,,SportsCenter,,https://areyouwatchingthis.com/tv/stations/espn,,
tvguide_aywt,ESPN,2026-06-05,2026-06-05 01:00:00,1:00am,1:00a,,SportsCenter,,https://areyouwatchingthis.com/tv/stations/espn,,
tvguide_aywt,ESPN,2026-06-05,2026-06-05 02:00:00,2:00am,2:00a,,SportsCenter,,https://areyouwatchingthis.com/tv/stations/espn,,
tvguide_aywt,ESPN,2026-06-05,2026-06-05 03:00:00,3:00am,3:00a,,SportsCenter,,https://areyouwatchingthis.com/tv/stations/espn,,
tvguide_aywt,ESPN,2026-06-05,2026-06-05 04:00:00,4:00am,4:00a,NHL Hockey,NHL Hockey — Vegas Golden Knights vs. Carolina Hurricanes at Lenovo Center,Vegas Golden Knights vs. Carolina Hurricanes at Lenovo Center,https://areyouwatchingthis.com/tv/stations/espn,,
tvguide_aywt,ESPN,2026-06-05,2026-06-05 06:00:00,6:00am,6:00a,,SportsCenter,,https://areyouwatchingthis.com/tv/stations/espn,,
tvguide_aywt,ESPN,2026-06-05,2026-06-05 07:00:00,7:00am,7:00a,,SportsCenter,,https://areyouwatchingthis.com/tv/stations/espn,,
tvguide_aywt,ESPN,2026-06-05,2026-06-05 08:00:00,8:00am,8:00a,,Get Up!,,https://areyouwatchingthis.com/tv/stations/espn,,
tvguide_aywt,ESPN,2026-06-05,2026-06-05 10:00:00,10:00am,10:00a,,First Take,,https://areyouwatchingthis.com/tv/stations/espn,,
tvguide_aywt,ESPN,2026-06-05,2026-06-05 14:00:00,2:00pm,2:00p,,SportsCenter,,https://areyouwatchingthis.com/tv/stations/espn,,
tvguide_aywt,ESPN,2026-06-05,2026-06-05 16:00:00,4:00pm,4:00p,,NFL Live,,https://areyouwatchingthis.com/tv/stations/espn,,
tvguide_aywt,ESPN,2026-06-05,2026-06-05 17:00:00,5:00pm,5:00p,,SportsCenter,,https://areyouwatchingthis.com/tv/stations/espn,,
tvguide_aywt,ESPN,2026-06-05,2026-06-05 17:30:00,5:30pm,5:30p,,Pardon the Interruption,,https://areyouwatchingthis.com/tv/stations/espn,,
tvguide_aywt,ESPN,2026-06-05,2026-06-05 18:00:00,6:00pm,6:00p,,SportsCenter,,https://areyouwatchingthis.com/tv/stations/espn,,
tvguide_aywt,ESPN,2026-06-05,2026-06-05 19:00:00,7:00pm,7:00p,,SportsCenter,,https://areyouwatchingthis.com/tv/stations/espn,,
tvguide_aywt,ESPN,2026-06-05,2026-06-05 22:30:00,10:30pm,10:30p,,SportsCenter,,https://areyouwatchingthis.com/tv/stations/espn,,
tvguide_aywt,ESPN,2026-06-05,2026-06-05 23:30:00,11:30pm,11:30p,,SportsCenter,,https://areyouwatchingthis.com/tv/stations/espn,,
tvguide_aywt,ESPN,2026-06-06,2026-06-06 00:00:00,12:00am,12:00a,,SportsCenter With Scott Van Pelt,,https://areyouwatchingthis.com/tv/stations/espn,,
tvguide_aywt,ESPN,2026-06-06,2026-06-06 01:00:00,1:00am,1:00a,,SportsCenter With Scott Van Pelt,,https://areyouwatchingthis.com/tv/stations/espn,,
tvguide_aywt,ESPN,2026-06-06,2026-06-06 02:00:00,2:00am,2:00a,,SportsCenter With Scott Van Pelt,,https://areyouwatchingthis.com/tv/stations/espn,,
tvguide_aywt,ESPN,2026-06-06,2026-06-06 03:00:00,3:00am,3:00a,,SportsCenter With Scott Van Pelt,,https://areyouwatchingthis.com/tv/stations/espn,,
tvguide_aywt,ESPN,2026-06-06,2026-06-06 04:00:00,4:00am,4:00a,NBA Basketball,NBA Basketball — New York Knicks vs. San Antonio Spurs,New York Knicks vs. San Antonio Spurs,https://areyouwatchingthis.com/tv/stations/espn,,
tvguide_aywt,ESPN,2026-06-06,2026-06-06 06:00:00,6:00am,6:00a,,SportsCenter With Scott Van Pelt,,https://areyouwatchingthis.com/tv/stations/espn,,
tvguide_aywt,ESPN,2026-06-06,2026-06-06 07:00:00,7:00am,7:00a,,SportsCenter,,https://areyouwatchingthis.com/tv/stations/espn,,
tvguide_aywt,ESPN,2026-06-06,2026-06-06 08:00:00,8:00am,8:00a,,SportsCenter,,https://areyouwatchingthis.com/tv/stations/espn,,
tvguide_aywt,ESPN,2026-06-06,2026-06-06 09:00:00,9:00am,9:00a,,SportsCenter,,https://areyouwatchingthis.com/tv/stations/espn,,
tvguide_aywt,ESPN,2026-06-06,2026-06-06 10:00:00,10:00am,10:00a,,SportsCenter,,https://areyouwatchingthis.com/tv/stations/espn,,
tvguide_aywt,ESPN,2026-06-06,2026-06-06 23:00:00,11:00pm,11:00p,,SportsCenter With Scott Van Pelt,,https://areyouwatchingthis.com/tv/stations/espn,,
tvguide_aywt,ESPN,2026-06-07,2026-06-07 00:00:00,12:00am,12:00a,,SportsCenter,,https://areyouwatchingthis.com/tv/stations/espn,,
tvguide_aywt,ESPN,2026-06-07,2026-06-07 01:00:00,1:00am,1:00a,,SportsCenter,,https://areyouwatchingthis.com/tv/stations/espn,,
tvguide_aywt,ESPN,2026-06-07,2026-06-07 02:00:00,2:00am,2:00a,,SportsCenter,,https://areyouwatchingthis.com/tv/stations/espn,,
tvguide_aywt,ESPN,2026-06-07,2026-06-07 03:00:00,3:00am,3:00a,,SportsCenter,,https://areyouwatchingthis.com/tv/stations/espn,,
tvguide_aywt,ESPN,2026-06-07,2026-06-07 04:00:00,4:00am,4:00a,NHL Hockey,NHL Hockey — Carolina Hurricanes vs. Vegas Golden Knights at T-Mobile Arena,Carolina Hurricanes vs. Vegas Golden Knights at T-Mobile Arena,https://areyouwatchingthis.com/tv/stations/espn,,
tvguide_aywt,ESPN,2026-06-07,2026-06-07 06:00:00,6:00am,6:00a,,SportsCenter,,https://areyouwatchingthis.com/tv/stations/espn,,
tvguide_aywt,ESPN,2026-06-07,2026-06-07 07:00:00,7:00am,7:00a,,SportsCenter,,https://areyouwatchingthis.com/tv/stations/espn,,
tvguide_aywt,ESPN,2026-06-07,2026-06-07 08:00:00,8:00am,8:00a,,SportsCenter,,https://areyouwatchingthis.com/tv/stations/espn,,
tvguide_aywt,ESPN,2026-06-07,2026-06-07 09:00:00,9:00am,9:00a,,SportsCenter,,https://areyouwatchingthis.com/tv/stations/espn,,
tvguide_aywt,ESPN,2026-06-07,2026-06-07 10:00:00,10:00am,10:00a,,SportsCenter,,https://areyouwatchingthis.com/tv/stations/espn,,
tvguide_aywt,ESPN,2026-06-07,2026-06-07 11:00:00,11:00am,11:00a,,SportsCenter,,https://areyouwatchingthis.com/tv/stations/espn,,
tvguide_aywt,ESPN,2026-06-07,2026-06-07 12:00:00,12:00pm,12:00p,,SportsCenter,,https://areyouwatchingthis.com/tv/stations/espn,,
tvguide_aywt,ESPN,2026-06-07,2026-06-07 22:00:00,10:00pm,10:00p,,SportsCenter,,https://areyouwatchingthis.com/tv/stations/espn,,
tvguide_aywt,ESPN,2026-06-07,2026-06-07 23:00:00,11:00pm,11:00p,,SportsCenter,,https://areyouwatchingthis.com/tv/stations/espn,,
tvguide_aywt,ESPN2,2026-06-05,2026-06-05 00:00:00,12:00am,12:00a,,30 for 30,,https://areyouwatchingthis.com/tv/stations/espn2,,
tvguide_aywt,ESPN2,2026-06-05,2026-06-05 02:00:00,2:00am,2:00a,,30 for 30,,https://areyouwatchingthis.com/tv/stations/espn2,,
tvguide_aywt,ESPN2,2026-06-05,2026-06-05 03:30:00,3:30am,3:30a,,Pardon the Interruption,,https://areyouwatchingthis.com/tv/stations/espn2,,
tvguide_aywt,ESPN2,2026-06-05,2026-06-05 04:00:00,4:00am,4:00a,,SportsCenter,,https://areyouwatchingthis.com/tv/stations/espn2,,
tvguide_aywt,ESPN2,2026-06-05,2026-06-05 05:00:00,5:00am,5:00a,,SportsCenter,,https://areyouwatchingthis.com/tv/stations/espn2,,
tvguide_aywt,ESPN2,2026-06-05,2026-06-05 08:00:00,8:00am,8:00a,,SportsCenter,,https://areyouwatchingthis.com/tv/stations/espn2,,
tvguide_aywt,ESPN2,2026-06-05,2026-06-05 09:00:00,9:00am,9:00a,,SportsCenter,,https://areyouwatchingthis.com/tv/stations/espn2,,
tvguide_aywt,ESPN2,2026-06-05,2026-06-05 10:00:00,10:00am,10:00a,,Get Up!,,https://areyouwatchingthis.com/tv/stations/espn2,,
tvguide_aywt,ESPN2,2026-06-05,2026-06-05 19:00:00,7:00pm,7:00p,,Pardon the Interruption,,https://areyouwatchingthis.com/tv/stations/espn2,,
tvguide_aywt,ESPN2,2026-06-06,2026-06-06 00:00:00,12:00am,12:00a,,NFL Live,,https://areyouwatchingthis.com/tv/stations/espn2,,
tvguide_aywt,ESPN2,2026-06-06,2026-06-06 01:30:00,1:30am,1:30a,,Pardon the Interruption,,https://areyouwatchingthis.com/tv/stations/espn2,,
tvguide_aywt,ESPN2,2026-06-06,2026-06-06 02:00:00,2:00am,2:00a,,NFL Live,,https://areyouwatchingthis.com/tv/stations/espn2,,
tvguide_aywt,ESPN2,2026-06-06,2026-06-06 04:00:00,4:00am,4:00a,,SportsCenter With Scott Van Pelt,,https://areyouwatchingthis.com/tv/stations/espn2,,
tvguide_aywt,ESPN2,2026-06-06,2026-06-06 05:00:00,5:00am,5:00a,,SportsCenter With Scott Van Pelt,,https://areyouwatchingthis.com/tv/stations/espn2,,
tvguide_aywt,ESPN2,2026-06-06,2026-06-06 11:00:00,11:00am,11:00a,,30 for 30,,https://areyouwatchingthis.com/tv/stations/espn2,,
tvguide_aywt,ESPN2,2026-06-07,2026-06-07 00:00:00,12:00am,12:00a,,30 for 30,,https://areyouwatchingthis.com/tv/stations/espn2,,
tvguide_aywt,ESPN2,2026-06-07,2026-06-07 01:00:00,1:00am,1:00a,,30 for 30,,https://areyouwatchingthis.com/tv/stations/espn2,,
tvguide_aywt,ESPN2,2026-06-07,2026-06-07 02:00:00,2:00am,2:00a,,30 for 30,,https://areyouwatchingthis.com/tv/stations/espn2,,
tvguide_aywt,ESPN2,2026-06-07,2026-06-07 03:00:00,3:00am,3:00a,,30 for 30,,https://areyouwatchingthis.com/tv/stations/espn2,,
tvguide_aywt,ESPN2,2026-06-07,2026-06-07 04:00:00,4:00am,4:00a,,SportsCenter,,https://areyouwatchingthis.com/tv/stations/espn2,,
tvguide_aywt,ESPN2,2026-06-07,2026-06-07 05:00:00,5:00am,5:00a,,SportsCenter,,https://areyouwatchingthis.com/tv/stations/espn2,,
tvguide_aywt,ESPN2,2026-06-07,2026-06-07 06:30:00,6:30am,6:30a,,30 for 30,,https://areyouwatchingthis.com/tv/stations/espn2,,
tvguide_aywt,ESPN2,2026-06-07,2026-06-07 23:00:00,11:00pm,11:00p,,30 for 30,,https://areyouwatchingthis.com/tv/stations/espn2,,
tvguide_aywt,ESPNU,2026-06-05,2026-06-05 16:00:00,4:00pm,4:00p,,SEC Inside,,https://areyouwatchingthis.com/tv/stations/espnuhd-espnu-hd,,
tvguide_aywt,ESPNU,2026-06-05,2026-06-05 16:30:00,4:30pm,4:30p,,SEC Inside,,https://areyouwatchingthis.com/tv/stations/espnuhd-espnu-hd,,
tvguide_aywt,ESPNU,2026-06-05,2026-06-05 20:00:00,8:00pm,8:00p,,SEC Inside,,https://areyouwatchingthis.com/tv/stations/espnuhd-espnu-hd,,
tvguide_aywt,ESPNU,2026-06-05,2026-06-05 20:30:00,8:30pm,8:30p,,SEC Inside,,https://areyouwatchingthis.com/tv/stations/espnuhd-espnu-hd,,
tvguide_aywt,ESPNU,2026-06-05,2026-06-05 23:30:00,11:30pm,11:30p,,SEC Inside,,https://areyouwatchingthis.com/tv/stations/espnuhd-espnu-hd,,
tvguide_aywt,ESPNU,2026-06-06,2026-06-06 12:00:00,12:00pm,12:00p,,30 for 30,,https://areyouwatchingthis.com/tv/stations/espnuhd-espnu-hd,,
tvguide_aywt,ESPNU,2026-06-06,2026-06-06 16:00:00,4:00pm,4:00p,,30 for 30,,https://areyouwatchingthis.com/tv/stations/espnuhd-espnu-hd,,
tvguide_aywt,ESPNU,2026-06-06,2026-06-06 18:00:00,6:00pm,6:00p,,30 for 30,,https://areyouwatchingthis.com/tv/stations/espnuhd-espnu-hd,,
tvguide_aywt,ESPNU,2026-06-06,2026-06-06 20:00:00,8:00pm,8:00p,,30 for 30,,https://areyouwatchingthis.com/tv/stations/espnuhd-espnu-hd,,
tvguide_aywt,ESPNU,2026-06-06,2026-06-06 21:30:00,9:30pm,9:30p,,SEC Inside,,https://areyouwatchingthis.com/tv/stations/espnuhd-espnu-hd,,
tvguide_aywt,ESPNU,2026-06-06,2026-06-06 23:00:00,11:00pm,11:00p,,30 for 30,,https://areyouwatchingthis.com/tv/stations/espnuhd-espnu-hd,,
tvguide_aywt,ESPNU,2026-06-07,2026-06-07 00:30:00,12:30am,12:30a,,SEC Inside,,https://areyouwatchingthis.com/tv/stations/espnuhd-espnu-hd,,
tvguide_aywt,ESPNU,2026-06-07,2026-06-07 12:00:00,12:00pm,12:00p,,30 for 30,,https://areyouwatchingthis.com/tv/stations/espnuhd-espnu-hd,,
tvguide_aywt,ESPNU,2026-06-07,2026-06-07 14:00:00,2:00pm,2:00p,,30 for 30,,https://areyouwatchingthis.com/tv/stations/espnuhd-espnu-hd,,
tvguide_aywt,ESPNU,2026-06-07,2026-06-07 16:00:00,4:00pm,4:00p,,30 for 30,,https://areyouwatchingthis.com/tv/stations/espnuhd-espnu-hd,,
tvguide_aywt,ESPNews,2026-06-05,2026-06-05 02:30:00,2:30am,2:30a,,Pardon the Interruption,,https://areyouwatchingthis.com/tv/stations/espnews,,
tvguide_aywt,ESPNews,2026-06-05,2026-06-05 05:30:00,5:30am,5:30a,,Pardon the Interruption,,https://areyouwatchingthis.com/tv/stations/espnews,,
tvguide_aywt,ESPNews,2026-06-05,2026-06-05 10:00:00,10:00am,10:00a,,SportsCenter,,https://areyouwatchingthis.com/tv/stations/espnews,,
tvguide_aywt,ESPNews,2026-06-05,2026-06-05 11:00:00,11:00am,11:00a,,SportsCenter,,https://areyouwatchingthis.com/tv/stations/espnews,,
tvguide_aywt,ESPNews,2026-06-05,2026-06-05 12:00:00,12:00pm,12:00p,,Get Up!,,https://areyouwatchingthis.com/tv/stations/espnews,,
tvguide_aywt,ESPNews,2026-06-05,2026-06-05 14:00:00,2:00pm,2:00p,,First Take,,https://areyouwatchingthis.com/tv/stations/espnews,,
tvguide_aywt,ESPNews,2026-06-05,2026-06-05 20:30:00,8:30pm,8:30p,,Pardon the Interruption,,https://areyouwatchingthis.com/tv/stations/espnews,,
tvguide_aywt,ESPNews,2026-06-05,2026-06-05 22:30:00,10:30pm,10:30p,,Pardon the Interruption,,https://areyouwatchingthis.com/tv/stations/espnews,,
tvguide_aywt,ESPNews,2026-06-05,2026-06-05 23:30:00,11:30pm,11:30p,,Pardon the Interruption,,https://areyouwatchingthis.com/tv/stations/espnews,,
tvguide_aywt,ESPNews,2026-06-06,2026-06-06 02:00:00,2:00am,2:00a,,Pardon the Interruption,,https://areyouwatchingthis.com/tv/stations/espnews,,
tvguide_aywt,ESPNews,2026-06-06,2026-06-06 02:30:00,2:30am,2:30a,,Pardon the Interruption,,https://areyouwatchingthis.com/tv/stations/espnews,,
tvguide_aywt,ESPNews,2026-06-06,2026-06-06 05:30:00,5:30am,5:30a,,Pardon the Interruption,,https://areyouwatchingthis.com/tv/stations/espnews,,
tvguide_aywt,Golf,2026-06-05,2026-06-05 07:00:00,7:00am,7:00a,PGA European Tour Golf,PGA European Tour Golf — KLM Open,KLM Open,https://areyouwatchingthis.com/tv/stations/golf-the-golf-channel,,
tvguide_aywt,Golf,2026-06-05,2026-06-05 09:00:00,9:00am,9:00a,Korn Ferry Tour Golf,Korn Ferry Tour Golf — BMW Charity Pro-Am presented by TD SYNNEX,BMW Charity Pro-Am presented by TD SYNNEX,https://areyouwatchingthis.com/tv/stations/golf-the-golf-channel,,
tvguide_aywt,Golf,2026-06-05,2026-06-05 14:00:00,2:00pm,2:00p,PGA Tour Golf,PGA Tour Golf — the Memorial Tournament presented by Workday,the Memorial Tournament presented by Workday,https://areyouwatchingthis.com/tv/stations/golf-the-golf-channel,,
tvguide_aywt,Golf,2026-06-05,2026-06-05 18:00:00,6:00pm,6:00p,Champions Tour Golf,Champions Tour Golf — American Family Insurance Championship,American Family Insurance Championship,https://areyouwatchingthis.com/tv/stations/golf-the-golf-channel,,
tvguide_aywt,Golf,2026-06-05,2026-06-05 20:00:00,8:00pm,8:00p,PGA Tour Golf,PGA Tour Golf — the Memorial Tournament presented by Workday,the Memorial Tournament presented by Workday,https://areyouwatchingthis.com/tv/stations/golf-the-golf-channel,,
tvguide_aywt,Golf,2026-06-05,2026-06-05 23:00:00,11:00pm,11:00p,PGA Tour Golf,PGA Tour Golf — the Memorial Tournament presented by Workday,the Memorial Tournament presented by Workday,https://areyouwatchingthis.com/tv/stations/golf-the-golf-channel,,
tvguide_aywt,Golf,2026-06-06,2026-06-06 03:00:00,3:00am,3:00a,Champions Tour Golf,Champions Tour Golf — American Family Insurance Championship,American Family Insurance Championship,https://areyouwatchingthis.com/tv/stations/golf-the-golf-channel,,
tvguide_aywt,Golf,2026-06-06,2026-06-06 07:00:00,7:00am,7:00a,PGA European Tour Golf,PGA European Tour Golf — KLM Open,KLM Open,https://areyouwatchingthis.com/tv/stations/golf-the-golf-channel,,
tvguide_aywt,Golf,2026-06-06,2026-06-06 12:30:00,12:30pm,12:30p,PGA Tour Golf,PGA Tour Golf — the Memorial Tournament presented by Workday,the Memorial Tournament presented by Workday,https://areyouwatchingthis.com/tv/stations/golf-the-golf-channel,,
tvguide_aywt,Golf,2026-06-06,2026-06-06 14:30:00,2:30pm,2:30p,Champions Tour Golf,Champions Tour Golf — American Family Insurance Championship,American Family Insurance Championship,https://areyouwatchingthis.com/tv/stations/golf-the-golf-channel,,
tvguide_aywt,Golf,2026-06-06,2026-06-06 17:00:00,5:00pm,5:00p,Korn Ferry Tour Golf,Korn Ferry Tour Golf — BMW Charity Pro-Am presented by TD SYNNEX,BMW Charity Pro-Am presented by TD SYNNEX,https://areyouwatchingthis.com/tv/stations/golf-the-golf-channel,,
tvguide_aywt,Golf,2026-06-06,2026-06-06 19:00:00,7:00pm,7:00p,PGA Tour Golf,PGA Tour Golf — the Memorial Tournament presented by Workday,the Memorial Tournament presented by Workday,https://areyouwatchingthis.com/tv/stations/golf-the-golf-channel,,
tvguide_aywt,Golf,2026-06-07,2026-06-07 02:00:00,2:00am,2:00a,Champions Tour Golf,Champions Tour Golf — American Family Insurance Championship,American Family Insurance Championship,https://areyouwatchingthis.com/tv/stations/golf-the-golf-channel,,
tvguide_aywt,Golf,2026-06-07,2026-06-07 06:30:00,6:30am,6:30a,PGA European Tour Golf,PGA European Tour Golf — KLM Open,KLM Open,https://areyouwatchingthis.com/tv/stations/golf-the-golf-channel,,
tvguide_aywt,Golf,2026-06-07,2026-06-07 12:30:00,12:30pm,12:30p,PGA Tour Golf,PGA Tour Golf — the Memorial Tournament presented by Workday,the Memorial Tournament presented by Workday,https://areyouwatchingthis.com/tv/stations/golf-the-golf-channel,,
tvguide_aywt,Golf,2026-06-07,2026-06-07 14:30:00,2:30pm,2:30p,Champions Tour Golf,Champions Tour Golf — American Family Insurance Championship,American Family Insurance Championship,https://areyouwatchingthis.com/tv/stations/golf-the-golf-channel,,
tvguide_aywt,Golf,2026-06-07,2026-06-07 17:00:00,5:00pm,5:00p,Korn Ferry Tour Golf,Korn Ferry Tour Golf — BMW Charity Pro-Am presented by TD SYNNEX,BMW Charity Pro-Am presented by TD SYNNEX,https://areyouwatchingthis.com/tv/stations/golf-the-golf-channel,,
tvguide_aywt,FS1,2026-06-05,2026-06-05 00:00:00,12:00am,12:00a,Men's International Soccer Friendlies,Men's International Soccer Friendlies — Côte d'Ivoire vs. France at Stade de la Beaujoire,Côte d'Ivoire vs. France at Stade de la Beaujoire,https://areyouwatchingthis.com/tv/stations/fs1-fox-sports-1,,
tvguide_aywt,FS1,2026-06-05,2026-06-05 04:00:00,4:00am,4:00a,MLB Baseball,MLB Baseball — Pittsburgh Pirates vs. Houston Astros at Daikin Park,Pittsburgh Pirates vs. Houston Astros at Daikin Park,https://areyouwatchingthis.com/tv/stations/fs1-fox-sports-1,,
tvguide_aywt,FS1,2026-06-06,2026-06-06 13:30:00,1:30pm,1:30p,NASCAR Racing,NASCAR Racing — NASCAR Craftsman Truck Series Race at Michigan,NASCAR Craftsman Truck Series Race at Michigan,https://areyouwatchingthis.com/tv/stations/fs1-fox-sports-1,,
tvguide_aywt,FS1,2026-06-06,2026-06-06 23:00:00,11:00pm,11:00p,NASCAR Racing,NASCAR Racing — NASCAR Craftsman Truck Series Race at Michigan,NASCAR Craftsman Truck Series Race at Michigan,https://areyouwatchingthis.com/tv/stations/fs1-fox-sports-1,,
tvguide_aywt,FS1,2026-06-07,2026-06-07 01:00:00,1:00am,1:00a,MLB Baseball,MLB Baseball — Boston Red Sox vs. New York Yankees at Yankee Stadium,Boston Red Sox vs. New York Yankees at Yankee Stadium,https://areyouwatchingthis.com/tv/stations/fs1-fox-sports-1,,
tvguide_aywt,FS1,2026-06-07,2026-06-07 22:00:00,10:00pm,10:00p,Men's International Soccer Friendlies,Men's International Soccer Friendlies — New Zealand vs. England at Raymond James Stadium,New Zealand vs. England at Raymond James Stadium,https://areyouwatchingthis.com/tv/stations/fs1-fox-sports-1,,
tvguide_aywt,TNT,2026-06-06,2026-06-06 14:30:00,2:30pm,2:30p,Men's International Soccer Friendlies,Men's International Soccer Friendlies — Germany vs. United States at Soldier Field,Germany vs. United States at Soldier Field,https://areyouwatchingthis.com/tv/stations/tntphd-turner-network-tv-hd-pacific,,
tvguide_aywt,TNT,2026-06-06,2026-06-06 17:30:00,5:30pm,5:30p,Women's International Soccer Friendlies,Women's International Soccer Friendlies — United States vs. Brazil at Neo Química Arena,United States vs. Brazil at Neo Química Arena,https://areyouwatchingthis.com/tv/stations/tntphd-turner-network-tv-hd-pacific,,
tvguide_aywt,NBC,2026-06-07,2026-06-07 20:00:00,8:00pm,8:00p,MLB Baseball,MLB Baseball — San Francisco Giants vs. Chicago Cubs at Wrigley Field,San Francisco Giants vs. Chicago Cubs at Wrigley Field,https://areyouwatchingthis.com/tv/stations/wilxdt-nbc,,
tvguide_aywt,CBS,2026-06-06,2026-06-06 14:30:00,2:30pm,2:30p,PGA Tour Golf,PGA Tour Golf — the Memorial Tournament presented by Workday,the Memorial Tournament presented by Workday,https://areyouwatchingthis.com/tv/stations/wlnsdt-cbs,,
tvguide_aywt,CBS,2026-06-07,2026-06-07 14:30:00,2:30pm,2:30p,PGA Tour Golf,PGA Tour Golf — the Memorial Tournament presented by Workday,the Memorial Tournament presented by Workday,https://areyouwatchingthis.com/tv/stations/wlnsdt-cbs,,
tvguide_aywt,FOX,2026-06-06,2026-06-06 19:30:00,7:30pm,7:30p,MLB Baseball,MLB Baseball — Boston Red Sox vs. New York Yankees at Yankee Stadium,Boston Red Sox vs. New York Yankees at Yankee Stadium,https://areyouwatchingthis.com/tv/stations/wsymdt-fox,,
tvguide_aywt,ABC,2026-06-06,2026-06-06 13:00:00,1:00pm,1:00p,WNBA Basketball,WNBA Basketball — Seattle Storm vs. Minnesota Lynx at Target Center,Seattle Storm vs. Minnesota Lynx at Target Center,https://areyouwatchingthis.com/tv/stations/wlajdt-abc,,
tvguide_aywt,ABC,2026-06-06,2026-06-06 15:00:00,3:00pm,3:00p,WNBA Basketball,WNBA Basketball — Golden State Valkyries vs. Las Vegas Aces at Michelob ULTRA Arena,Golden State Valkyries vs. Las Vegas Aces at Michelob ULTRA Arena,https://areyouwatchingthis.com/tv/stations/wlajdt-abc,,
